time,ax,ax1
00:00:00,0,0
00:00:30,0.5,1
00:01:00,1,2
00:01:30,1.5,3
00:02:00,2,4
00:02:30,2.5,5
00:03:00,3,6
00:03:30,3.5,7
00:04:00,4,8
00:04:30,4.5,9
00:05:00,5,10
00:05:30,5.5,11
00:06:00,6,12
00:06:30,6.5,13
00:07:00,7,14
00:07:30,7.5,15
00:08:00,8,16
00:08:30,8.5,17
00:09:00,9,18
00:09:30,9.5,19
00:10:00,10,20
00:10:30,10.5,21
00:11:00,11,22
00:11:30,11.5,23
00:12:00,12,24
00:12:30,12.5,25
00:13:00,13,26
00:13:30,13.5,27
00:14:00,14,28
00:14:30,14.5,29
00:15:00,15,30
00:15:30,15.5,31
00:16:00,16,32
00:16:30,16.5,33
00:17:00,17,34
00:17:30,17.5,35
00:18:00,18,36
00:18:30,18.5,37
00:19:00,19,38
00:19:30,19.5,39
00:20:00,20,40
00:20:30,20.5,41
00:21:00,21,42
00:21:30,21.5,43
00:22:00,22,44
00:22:30,22.5,45
00:23:00,23,46
00:23:30,23.5,47
00:24:00,24,48
00:24:30,24.5,49
00:25:00,25,50
00:25:30,25.5,51
00:26:00,26,52
00:26:30,26.5,53
00:27:00,27,54
00:27:30,27.5,55
00:28:00,28,56
00:28:30,28.5,57
00:29:00,29,58
00:29:30,29.5,59
00:30:00,30,60
00:30:30,30.5,61
00:31:00,31,62
00:31:30,31.5,63
00:32:00,32,64
00:32:30,32.5,65
00:33:00,33,66
00:33:30,33.5,67
00:34:00,34,68
00:34:30,34.5,69
00:35:00,35,70
00:35:30,35.5,71
00:36:00,36,72
00:36:30,36.5,73
00:37:00,37,74
00:37:30,37.5,75
00:38:00,38,76
00:38:30,38.5,77
00:39:00,39,78
00:39:30,39.5,79
00:40:00,40,80
00:40:30,40.5,81
00:41:00,41,82
00:41:30,41.5,83
00:42:00,42,84
00:42:30,42.5,85
00:43:00,43,86
00:43:30,43.5,87
00:44:00,44,88
00:44:30,44.5,89
00:45:00,45,90
00:45:30,45.5,91
00:46:00,46,92
00:46:30,46.5,93
00:47:00,47,94
00:47:30,47.5,95
00:48:00,48,96
00:48:30,48.5,97
00:49:00,49,98
00:49:30,49.5,99
00:50:00,50,100
00:50:30,50.5,101
00:51:00,51,102
00:51:30,51.5,103
00:52:00,52,104
00:52:30,52.5,105
00:53:00,53,106
00:53:30,53.5,107
00:54:00,54,108
00:54:30,54.5,109
00:55:00,55,110
00:55:30,55.5,111
00:56:00,56,112
00:56:30,56.5,113
00:57:00,57,114
00:57:30,57.5,115
00:58:00,58,116
00:58:30,58.5,117
00:59:00,59,118
00:59:30,59.5,119
01:00:00,60,120
01:00:30,60.5,121
01:01:00,61,122
01:01:30,61.5,123
01:02:00,62,124
01:02:30,62.5,125
01:03:00,63,126
01:03:30,63.5,127
01:04:00,64,128
01:04:30,64.5,129
01:05:00,65,130
01:05:30,65.5,131
01:06:00,66,132
01:06:30,66.5,133
01:07:00,67,134
01:07:30,67.5,135
01:08:00,68,136
01:08:30,68.5,137
01:09:00,69,138
01:09:30,69.5,139
01:10:00,70,140
01:10:30,70.5,141
01:11:00,71,142
01:11:30,71.5,143
01:12:00,72,144
01:12:30,72.5,145
01:13:00,73,146
01:13:30,73.5,147
01:14:00,74,148
01:14:30,74.5,149
01:15:00,75,150
01:15:30,75.5,151
01:16:00,76,152
01:16:30,76.5,153
01:17:00,77,154
01:17:30,77.5,155
01:18:00,78,156
01:18:30,78.5,157
01:19:00,79,158
01:19:30,79.5,159
01:20:00,80,160
01:20:30,80.5,161
01:21:00,81,162
01:21:30,81.5,163
01:22:00,82,164
01:22:30,82.5,165
01:23:00,83,166
01:23:30,83.5,167
01:24:00,84,168
01:24:30,84.5,169
01:25:00,85,170
01:25:30,85.5,171
01:26:00,86,172
01:26:30,86.5,173
01:27:00,87,174
01:27:30,87.5,175
01:28:00,88,176
01:28:30,88.5,177
01:29:00,89,178
01:29:30,89.5,179
01:30:00,90,180
01:30:30,90.5,181
01:31:00,91,182
01:31:30,91.5,183
01:32:00,92,184
01:32:30,92.5,185
01:33:00,93,186
01:33:30,93.5,187
01:34:00,94,188
01:34:30,94.5,189
01:35:00,95,190
01:35:30,95.5,191
01:36:00,96,192
01:36:30,96.5,193
01:37:00,97,194
01:37:30,97.5,195
01:38:00,98,196
01:38:30,98.5,197
01:39:00,99,198
01:39:30,99.5,199
01:40:00,100,200
01:40:30,100.5,201
01:41:00,101,202
01:41:30,101.5,203
01:42:00,102,204
01:42:30,102.5,205
01:43:00,103,206
01:43:30,103.5,207
01:44:00,104,208
01:44:30,104.5,209
01:45:00,105,210
01:45:30,105.5,211
01:46:00,106,212
01:46:30,106.5,213
01:47:00,107,214
01:47:30,107.5,215
01:48:00,108,216
01:48:30,108.5,217
01:49:00,109,218
01:49:30,109.5,219
01:50:00,110,220
01:50:30,110.5,221
01:51:00,111,222
01:51:30,111.5,223
01:52:00,112,224
01:52:30,112.5,225
01:53:00,113,226
01:53:30,113.5,227
01:54:00,114,228
01:54:30,114.5,229
01:55:00,115,230
01:55:30,115.5,231
01:56:00,116,232
01:56:30,116.5,233
01:57:00,117,234
01:57:30,117.5,235
01:58:00,118,236
01:58:30,118.5,237
01:59:00,119,238
01:59:30,119.5,239
02:00:00,120,240
02:00:30,120.5,241
02:01:00,121,242
02:01:30,121.5,243
02:02:00,122,244
02:02:30,122.5,245
02:03:00,123,246
02:03:30,123.5,247
02:04:00,124,248
02:04:30,124.5,249
02:05:00,125,250
02:05:30,125.5,251
02:06:00,126,252
02:06:30,126.5,253
02:07:00,127,254
02:07:30,127.5,255
02:08:00,128,256
02:08:30,128.5,257
02:09:00,129,258
02:09:30,129.5,259
02:10:00,130,260
02:10:30,130.5,261
02:11:00,131,262
02:11:30,131.5,263
02:12:00,132,264
02:12:30,132.5,265
02:13:00,133,266
02:13:30,133.5,267
02:14:00,134,268
02:14:30,134.5,269
02:15:00,135,270
02:15:30,135.5,271
02:16:00,136,272
02:16:30,136.5,273
02:17:00,137,274
02:17:30,137.5,275
02:18:00,138,276
02:18:30,138.5,277
02:19:00,139,278
02:19:30,139.5,279
02:20:00,140,280
02:20:30,140.5,281
02:21:00,141,282
02:21:30,141.5,283
02:22:00,142,284
02:22:30,142.5,285
02:23:00,143,286
02:23:30,143.5,287
02:24:00,144,288
02:24:30,144.5,289
02:25:00,145,290
02:25:30,145.5,291
02:26:00,146,292
02:26:30,146.5,293
02:27:00,147,294
02:27:30,147.5,295
02:28:00,148,296
02:28:30,148.5,297
02:29:00,149,298
02:29:30,149.5,299
02:30:00,150,300
02:30:30,150.5,301
02:31:00,151,302
02:31:30,151.5,303
02:32:00,152,304
02:32:30,152.5,305
02:33:00,153,306
02:33:30,153.5,307
02:34:00,154,308
02:34:30,154.5,309
02:35:00,155,310
02:35:30,155.5,311
02:36:00,156,312
02:36:30,156.5,313
02:37:00,157,314
02:37:30,157.5,315
02:38:00,158,316
02:38:30,158.5,317
02:39:00,159,318
02:39:30,159.5,319
02:40:00,160,320
02:40:30,160.5,321
02:41:00,161,322
02:41:30,161.5,323
02:42:00,162,324
02:42:30,162.5,325
02:43:00,163,326
02:43:30,163.5,327
02:44:00,164,328
02:44:30,164.5,329
02:45:00,165,330
02:45:30,165.5,331
02:46:00,166,332
02:46:30,166.5,333
02:47:00,167,334
02:47:30,167.5,335
02:48:00,168,336
02:48:30,168.5,337
02:49:00,169,338
02:49:30,169.5,339
02:50:00,170,340
02:50:30,170.5,341
02:51:00,171,342
02:51:30,171.5,343
02:52:00,172,344
02:52:30,172.5,345
02:53:00,173,346
02:53:30,173.5,347
02:54:00,174,348
02:54:30,174.5,349
02:55:00,175,350
02:55:30,175.5,351
02:56:00,176,352
02:56:30,176.5,353
02:57:00,177,354
02:57:30,177.5,355
02:58:00,178,356
02:58:30,178.5,357
02:59:00,179,358
02:59:30,179.5,359
03:00:00,180,360
03:00:30,180.5,361
03:01:00,181,362
03:01:30,181.5,363
03:02:00,182,364
03:02:30,182.5,365
03:03:00,183,366
03:03:30,183.5,367
03:04:00,184,368
03:04:30,184.5,369
03:05:00,185,370
03:05:30,185.5,371
03:06:00,186,372
03:06:30,186.5,373
03:07:00,187,374
03:07:30,187.5,375
03:08:00,188,376
03:08:30,188.5,377
03:09:00,189,378
03:09:30,189.5,379
03:10:00,190,380
03:10:30,190.5,381
03:11:00,191,382
03:11:30,191.5,383
03:12:00,192,384
03:12:30,192.5,385
03:13:00,193,386
03:13:30,193.5,387
03:14:00,194,388
03:14:30,194.5,389
03:15:00,195,390
03:15:30,195.5,391
03:16:00,196,392
03:16:30,196.5,393
03:17:00,197,394
03:17:30,197.5,395
03:18:00,198,396
03:18:30,198.5,397
03:19:00,199,398
03:19:30,199.5,399
03:20:00,200,400
03:20:30,200.5,401
03:21:00,201,402
03:21:30,201.5,403
03:22:00,202,404
03:22:30,202.5,405
03:23:00,203,406
03:23:30,203.5,407
03:24:00,204,408
03:24:30,204.5,409
03:25:00,205,410
03:25:30,205.5,411
03:26:00,206,412
03:26:30,206.5,413
03:27:00,207,414
03:27:30,207.5,415
03:28:00,208,416
03:28:30,208.5,417
03:29:00,209,418
03:29:30,209.5,419
03:30:00,210,420
03:30:30,210.5,421
03:31:00,211,422
03:31:30,211.5,423
03:32:00,212,424
03:32:30,212.5,425
03:33:00,213,426
03:33:30,213.5,427
03:34:00,214,428
03:34:30,214.5,429
03:35:00,215,430
03:35:30,215.5,431
03:36:00,216,432
03:36:30,216.5,433
03:37:00,217,434
03:37:30,217.5,435
03:38:00,218,436
03:38:30,218.5,437
03:39:00,219,438
03:39:30,219.5,439
03:40:00,220,440
03:40:30,220.5,441
03:41:00,221,442
03:41:30,221.5,443
03:42:00,222,444
03:42:30,222.5,445
03:43:00,223,446
03:43:30,223.5,447
03:44:00,224,448
03:44:30,224.5,449
03:45:00,225,450
03:45:30,225.5,451
03:46:00,226,452
03:46:30,226.5,453
03:47:00,227,454
03:47:30,227.5,455
03:48:00,228,456
03:48:30,228.5,457
03:49:00,229,458
03:49:30,229.5,459
03:50:00,230,460
03:50:30,230.5,461
03:51:00,231,462
03:51:30,231.5,463
03:52:00,232,464
03:52:30,232.5,465
03:53:00,233,466
03:53:30,233.5,467
03:54:00,234,468
03:54:30,234.5,469
03:55:00,235,470
03:55:30,235.5,471
03:56:00,236,472
03:56:30,236.5,473
03:57:00,237,474
03:57:30,237.5,475
03:58:00,238,476
03:58:30,238.5,477
03:59:00,239,478
03:59:30,239.5,479
04:00:00,240,480
04:00:30,240.5,481
04:01:00,241,482
04:01:30,241.5,483
04:02:00,242,484
04:02:30,242.5,485
04:03:00,243,486
04:03:30,243.5,487
04:04:00,244,488
04:04:30,244.5,489
04:05:00,245,490
04:05:30,245.5,491
04:06:00,246,492
04:06:30,246.5,493
04:07:00,247,494
04:07:30,247.5,495
04:08:00,248,496
04:08:30,248.5,497
04:09:00,249,498
04:09:30,249.5,499
04:10:00,250,500
04:10:30,250.5,501
04:11:00,251,502
04:11:30,251.5,503
04:12:00,252,504
04:12:30,252.5,505
04:13:00,253,506
04:13:30,253.5,507
04:14:00,254,508
04:14:30,254.5,509
04:15:00,255,510
04:15:30,255.5,511
04:16:00,256,512
04:16:30,256.5,513
04:17:00,257,514
04:17:30,257.5,515
04:18:00,258,516
04:18:30,258.5,517
04:19:00,259,518
04:19:30,259.5,519
04:20:00,260,520
04:20:30,260.5,521
04:21:00,261,522
04:21:30,261.5,523
04:22:00,262,524
04:22:30,262.5,525
04:23:00,263,526
04:23:30,263.5,527
04:24:00,264,528
04:24:30,264.5,529
04:25:00,265,530
04:25:30,265.5,531
04:26:00,266,532
04:26:30,266.5,533
04:27:00,267,534
04:27:30,267.5,535
04:28:00,268,536
04:28:30,268.5,537
04:29:00,269,538
04:29:30,269.5,539
04:30:00,270,540
04:30:30,270.5,541
04:31:00,271,542
04:31:30,271.5,543
04:32:00,272,544
04:32:30,272.5,545
04:33:00,273,546
04:33:30,273.5,547
04:34:00,274,548
04:34:30,274.5,549
04:35:00,275,550
04:35:30,275.5,551
04:36:00,276,552
04:36:30,276.5,553
04:37:00,277,554
04:37:30,277.5,555
04:38:00,278,556
04:38:30,278.5,557
04:39:00,279,558
04:39:30,279.5,559
04:40:00,280,560
04:40:30,280.5,561
04:41:00,281,562
04:41:30,281.5,563
04:42:00,282,564
04:42:30,282.5,565
04:43:00,283,566
04:43:30,283.5,567
04:44:00,284,568
04:44:30,284.5,569
04:45:00,285,570
04:45:30,285.5,571
04:46:00,286,572
04:46:30,286.5,573
04:47:00,287,574
04:47:30,287.5,575
04:48:00,288,576
04:48:30,288.5,577
04:49:00,289,578
04:49:30,289.5,579
04:50:00,290,580
04:50:30,290.5,581
04:51:00,291,582
04:51:30,291.5,583
04:52:00,292,584
04:52:30,292.5,585
04:53:00,293,586
04:53:30,293.5,587
04:54:00,294,588
04:54:30,294.5,589
04:55:00,295,590
04:55:30,295.5,591
04:56:00,296,592
04:56:30,296.5,593
04:57:00,297,594
04:57:30,297.5,595
04:58:00,298,596
04:58:30,298.5,597
04:59:00,299,598
04:59:30,299.5,599
05:00:00,300,600
05:00:30,300.5,601
05:01:00,301,602
05:01:30,301.5,603
05:02:00,302,604
05:02:30,302.5,605
05:03:00,303,606
05:03:30,303.5,607
05:04:00,304,608
05:04:30,304.5,609
05:05:00,305,610
05:05:30,305.5,611
05:06:00,306,612
05:06:30,306.5,613
05:07:00,307,614
05:07:30,307.5,615
05:08:00,308,616
05:08:30,308.5,617
05:09:00,309,618
05:09:30,309.5,619
05:10:00,310,620
05:10:30,310.5,621
05:11:00,311,622
05:11:30,311.5,623
05:12:00,312,624
05:12:30,312.5,625
05:13:00,313,626
05:13:30,313.5,627
05:14:00,314,628
05:14:30,314.5,629
05:15:00,315,630
05:15:30,315.5,631
05:16:00,316,632
05:16:30,316.5,633
05:17:00,317,634
05:17:30,317.5,635
05:18:00,318,636
05:18:30,318.5,637
05:19:00,319,638
05:19:30,319.5,639
05:20:00,320,640
05:20:30,320.5,641
05:21:00,321,642
05:21:30,321.5,643
05:22:00,322,644
05:22:30,322.5,645
05:23:00,323,646
05:23:30,323.5,647
05:24:00,324,648
05:24:30,324.5,649
05:25:00,325,650
05:25:30,325.5,651
05:26:00,326,652
05:26:30,326.5,653
05:27:00,327,654
05:27:30,327.5,655
05:28:00,328,656
05:28:30,328.5,657
05:29:00,329,658
05:29:30,329.5,659
05:30:00,330,660
05:30:30,330.5,661
05:31:00,331,662
05:31:30,331.5,663
05:32:00,332,664
05:32:30,332.5,665
05:33:00,333,666
05:33:30,333.5,667
05:34:00,334,668
05:34:30,334.5,669
05:35:00,335,670
05:35:30,335.5,671
05:36:00,336,672
05:36:30,336.5,673
05:37:00,337,674
05:37:30,337.5,675
05:38:00,338,676
05:38:30,338.5,677
05:39:00,339,678
05:39:30,339.5,679
05:40:00,340,680
05:40:30,340.5,681
05:41:00,341,682
05:41:30,341.5,683
05:42:00,342,684
05:42:30,342.5,685
05:43:00,343,686
05:43:30,343.5,687
05:44:00,344,688
05:44:30,344.5,689
05:45:00,345,690
05:45:30,345.5,691
05:46:00,346,692
05:46:30,346.5,693
05:47:00,347,694
05:47:30,347.5,695
05:48:00,348,696
05:48:30,348.5,697
05:49:00,349,698
05:49:30,349.5,699
05:50:00,350,700
05:50:30,350.5,701
05:51:00,351,702
05:51:30,351.5,703
05:52:00,352,704
05:52:30,352.5,705
05:53:00,353,706
05:53:30,353.5,707
05:54:00,354,708
05:54:30,354.5,709
05:55:00,355,710
05:55:30,355.5,711
05:56:00,356,712
05:56:30,356.5,713
05:57:00,357,714
05:57:30,357.5,715
05:58:00,358,716
05:58:30,358.5,717
05:59:00,359,718
05:59:30,359.5,719
06:00:00,360,720
06:00:30,360.5,721
06:01:00,361,722
06:01:30,361.5,723
06:02:00,362,724
06:02:30,362.5,725
06:03:00,363,726
06:03:30,363.5,727
06:04:00,364,728
06:04:30,364.5,729
06:05:00,365,730
06:05:30,365.5,731
06:06:00,366,732
06:06:30,366.5,733
06:07:00,367,734
06:07:30,367.5,735
06:08:00,368,736
06:08:30,368.5,737
06:09:00,369,738
06:09:30,369.5,739
06:10:00,370,740
06:10:30,370.5,741
06:11:00,371,742
06:11:30,371.5,743
06:12:00,372,744
06:12:30,372.5,745
06:13:00,373,746
06:13:30,373.5,747
06:14:00,374,748
06:14:30,374.5,749
06:15:00,375,750
06:15:30,375.5,751
06:16:00,376,752
06:16:30,376.5,753
06:17:00,377,754
06:17:30,377.5,755
06:18:00,378,756
06:18:30,378.5,757
06:19:00,379,758
06:19:30,379.5,759
06:20:00,380,760
06:20:30,380.5,761
06:21:00,381,762
06:21:30,381.5,763
06:22:00,382,764
06:22:30,382.5,765
06:23:00,383,766
06:23:30,383.5,767
06:24:00,384,768
06:24:30,384.5,769
06:25:00,385,770
06:25:30,385.5,771
06:26:00,386,772
06:26:30,386.5,773
06:27:00,387,774
06:27:30,387.5,775
06:28:00,388,776
06:28:30,388.5,777
06:29:00,389,778
06:29:30,389.5,779
06:30:00,390,780
06:30:30,390.5,781
06:31:00,391,782
06:31:30,391.5,783
06:32:00,392,784
06:32:30,392.5,785
06:33:00,393,786
06:33:30,393.5,787
06:34:00,394,788
06:34:30,394.5,789
06:35:00,395,790
06:35:30,395.5,791
06:36:00,396,792
06:36:30,396.5,793
06:37:00,397,794
06:37:30,397.5,795
06:38:00,398,796
06:38:30,398.5,797
06:39:00,399,798
06:39:30,399.5,799
06:40:00,400,800
06:40:30,400.5,801
06:41:00,401,802
06:41:30,401.5,803
06:42:00,402,804
06:42:30,402.5,805
06:43:00,403,806
06:43:30,403.5,807
06:44:00,404,808
06:44:30,404.5,809
06:45:00,405,810
06:45:30,405.5,811
06:46:00,406,812
06:46:30,406.5,813
06:47:00,407,814
06:47:30,407.5,815
06:48:00,408,816
06:48:30,408.5,817
06:49:00,409,818
06:49:30,409.5,819
06:50:00,410,820
06:50:30,410.5,821
06:51:00,411,822
06:51:30,411.5,823
06:52:00,412,824
06:52:30,412.5,825
06:53:00,413,826
06:53:30,413.5,827
06:54:00,414,828
06:54:30,414.5,829
06:55:00,415,830
06:55:30,415.5,831
06:56:00,416,832
06:56:30,416.5,833
06:57:00,417,834
06:57:30,417.5,835
06:58:00,418,836
06:58:30,418.5,837
06:59:00,419,838
06:59:30,419.5,839
07:00:00,420,840
07:00:30,420.5,841
07:01:00,421,842
07:01:30,421.5,843
07:02:00,422,844
07:02:30,422.5,845
07:03:00,423,846
07:03:30,423.5,847
07:04:00,424,848
07:04:30,424.5,849
07:05:00,425,850
07:05:30,425.5,851
07:06:00,426,852
07:06:30,426.5,853
07:07:00,427,854
07:07:30,427.5,855
07:08:00,428,856
07:08:30,428.5,857
07:09:00,429,858
07:09:30,429.5,859
07:10:00,430,860
07:10:30,430.5,861
07:11:00,431,862
07:11:30,431.5,863
07:12:00,432,864
07:12:30,432.5,865
07:13:00,433,866
07:13:30,433.5,867
07:14:00,434,868
07:14:30,434.5,869
07:15:00,435,870
07:15:30,435.5,871
07:16:00,436,872
07:16:30,436.5,873
07:17:00,437,874
07:17:30,437.5,875
07:18:00,438,876
07:18:30,438.5,877
07:19:00,439,878
07:19:30,439.5,879
07:20:00,440,880
07:20:30,440.5,881
07:21:00,441,882
07:21:30,441.5,883
07:22:00,442,884
07:22:30,442.5,885
07:23:00,443,886
07:23:30,443.5,887
07:24:00,444,888
07:24:30,444.5,889
07:25:00,445,890
07:25:30,445.5,891
07:26:00,446,892
07:26:30,446.5,893
07:27:00,447,894
07:27:30,447.5,895
07:28:00,448,896
07:28:30,448.5,897
07:29:00,449,898
07:29:30,449.5,899
07:30:00,450,900
07:30:30,450.5,901
07:31:00,451,902
07:31:30,451.5,903
07:32:00,452,904
07:32:30,452.5,905
07:33:00,453,906
07:33:30,453.5,907
07:34:00,454,908
07:34:30,454.5,909
07:35:00,455,910
07:35:30,455.5,911
07:36:00,456,912
07:36:30,456.5,913
07:37:00,457,914
07:37:30,457.5,915
07:38:00,458,916
07:38:30,458.5,917
07:39:00,459,918
07:39:30,459.5,919
07:40:00,460,920
07:40:30,460.5,921
07:41:00,461,922
07:41:30,461.5,923
07:42:00,462,924
07:42:30,462.5,925
07:43:00,463,926
07:43:30,463.5,927
07:44:00,464,928
07:44:30,464.5,929
07:45:00,465,930
07:45:30,465.5,931
07:46:00,466,932
07:46:30,466.5,933
07:47:00,467,934
07:47:30,467.5,935
07:48:00,468,936
07:48:30,468.5,937
07:49:00,469,938
07:49:30,469.5,939
07:50:00,470,940
07:50:30,470.5,941
07:51:00,471,942
07:51:30,471.5,943
07:52:00,472,944
07:52:30,472.5,945
07:53:00,473,946
07:53:30,473.5,947
07:54:00,474,948
07:54:30,474.5,949
07:55:00,475,950
07:55:30,475.5,951
07:56:00,476,952
07:56:30,476.5,953
07:57:00,477,954
07:57:30,477.5,955
07:58:00,478,956
07:58:30,478.5,957
07:59:00,479,958
07:59:30,479.5,959
08:00:00,480,960
08:00:30,480.5,961
08:01:00,481,962
08:01:30,481.5,963
08:02:00,482,964
08:02:30,482.5,965
08:03:00,483,966
08:03:30,483.5,967
08:04:00,484,968
08:04:30,484.5,969
08:05:00,485,970
08:05:30,485.5,971
08:06:00,486,972
08:06:30,486.5,973
08:07:00,487,974
08:07:30,487.5,975
08:08:00,488,976
08:08:30,488.5,977
08:09:00,489,978
08:09:30,489.5,979
08:10:00,490,980
08:10:30,490.5,981
08:11:00,491,982
08:11:30,491.5,983
08:12:00,492,984
08:12:30,492.5,985
08:13:00,493,986
08:13:30,493.5,987
08:14:00,494,988
08:14:30,494.5,989
08:15:00,495,990
08:15:30,495.5,991
08:16:00,496,992
08:16:30,496.5,993
08:17:00,497,994
08:17:30,497.5,995
08:18:00,498,996
08:18:30,498.5,997
08:19:00,499,998
08:19:30,499.5,999
08:20:00,500,1000
08:20:30,500.5,1001
08:21:00,501,1002
08:21:30,501.5,1003
08:22:00,502,1004
08:22:30,502.5,1005
08:23:00,503,1006
08:23:30,503.5,1007
08:24:00,504,1008
08:24:30,504.5,1009
08:25:00,505,1010
08:25:30,505.5,1011
08:26:00,506,1012
08:26:30,506.5,1013
08:27:00,507,1014
08:27:30,507.5,1015
08:28:00,508,1016
08:28:30,508.5,1017
08:29:00,509,1018
08:29:30,509.5,1019
08:30:00,510,1020
08:30:30,510.5,1021
08:31:00,511,1022
08:31:30,511.5,1023
08:32:00,512,1024
08:32:30,512.5,1025
08:33:00,513,1026
08:33:30,513.5,1027
08:34:00,514,1028
08:34:30,514.5,1029
08:35:00,515,1030
08:35:30,515.5,1031
08:36:00,516,1032
08:36:30,516.5,1033
08:37:00,517,1034
08:37:30,517.5,1035
08:38:00,518,1036
08:38:30,518.5,1037
08:39:00,519,1038
08:39:30,519.5,1039
08:40:00,520,1040
08:40:30,520.5,1041
08:41:00,521,1042
08:41:30,521.5,1043
08:42:00,522,1044
08:42:30,522.5,1045
08:43:00,523,1046
08:43:30,523.5,1047
08:44:00,524,1048
08:44:30,524.5,1049
08:45:00,525,1050
08:45:30,525.5,1051
08:46:00,526,1052
08:46:30,526.5,1053
08:47:00,527,1054
08:47:30,527.5,1055
08:48:00,528,1056
08:48:30,528.5,1057
08:49:00,529,1058
08:49:30,529.5,1059
08:50:00,530,1060
08:50:30,530.5,1061
08:51:00,531,1062
08:51:30,531.5,1063
08:52:00,532,1064
08:52:30,532.5,1065
08:53:00,533,1066
08:53:30,533.5,1067
08:54:00,534,1068
08:54:30,534.5,1069
08:55:00,535,1070
08:55:30,535.5,1071
08:56:00,536,1072
08:56:30,536.5,1073
08:57:00,537,1074
08:57:30,537.5,1075
08:58:00,538,1076
08:58:30,538.5,1077
08:59:00,539,1078
08:59:30,539.5,1079
09:00:00,540,1080
09:00:30,540.5,1081
09:01:00,541,1082
09:01:30,541.5,1083
09:02:00,542,1084
09:02:30,542.5,1085
09:03:00,543,1086
09:03:30,543.5,1087
09:04:00,544,1088
09:04:30,544.5,1089
09:05:00,545,1090
09:05:30,545.5,1091
09:06:00,546,1092
09:06:30,546.5,1093
09:07:00,547,1094
09:07:30,547.5,1095
09:08:00,548,1096
09:08:30,548.5,1097
09:09:00,549,1098
09:09:30,549.5,1099
09:10:00,550,1100
09:10:30,550.5,1101
09:11:00,551,1102
09:11:30,551.5,1103
09:12:00,552,1104
09:12:30,552.5,1105
09:13:00,553,1106
09:13:30,553.5,1107
09:14:00,554,1108
09:14:30,554.5,1109
09:15:00,555,1110
09:15:30,555.5,1111
09:16:00,556,1112
09:16:30,556.5,1113
09:17:00,557,1114
09:17:30,557.5,1115
09:18:00,558,1116
09:18:30,558.5,1117
09:19:00,559,1118
09:19:30,559.5,1119
09:20:00,560,1120
09:20:30,560.5,1121
09:21:00,561,1122
09:21:30,561.5,1123
09:22:00,562,1124
09:22:30,562.5,1125
09:23:00,563,1126
09:23:30,563.5,1127
09:24:00,564,1128
09:24:30,564.5,1129
09:25:00,565,1130
09:25:30,565.5,1131
09:26:00,566,1132
09:26:30,566.5,1133
09:27:00,567,1134
09:27:30,567.5,1135
09:28:00,568,1136
09:28:30,568.5,1137
09:29:00,569,1138
09:29:30,569.5,1139
09:30:00,570,1140
09:30:30,570.5,1141
09:31:00,571,1142
09:31:30,571.5,1143
09:32:00,572,1144
09:32:30,572.5,1145
09:33:00,573,1146
09:33:30,573.5,1147
09:34:00,574,1148
09:34:30,574.5,1149
09:35:00,575,1150
09:35:30,575.5,1151
09:36:00,576,1152
09:36:30,576.5,1153
09:37:00,577,1154
09:37:30,577.5,1155
09:38:00,578,1156
09:38:30,578.5,1157
09:39:00,579,1158
09:39:30,579.5,1159
09:40:00,580,1160
09:40:30,580.5,1161
09:41:00,581,1162
09:41:30,581.5,1163
09:42:00,582,1164
09:42:30,582.5,1165
09:43:00,583,1166
09:43:30,583.5,1167
09:44:00,584,1168
09:44:30,584.5,1169
09:45:00,585,1170
09:45:30,585.5,1171
09:46:00,586,1172
09:46:30,586.5,1173
09:47:00,587,1174
09:47:30,587.5,1175
09:48:00,588,1176
09:48:30,588.5,1177
09:49:00,589,1178
09:49:30,589.5,1179
09:50:00,590,1180
09:50:30,590.5,1181
09:51:00,591,1182
09:51:30,591.5,1183
09:52:00,592,1184
09:52:30,592.5,1185
09:53:00,593,1186
09:53:30,593.5,1187
09:54:00,594,1188
09:54:30,594.5,1189
09:55:00,595,1190
09:55:30,595.5,1191
09:56:00,596,1192
09:56:30,596.5,1193
09:57:00,597,1194
09:57:30,597.5,1195
09:58:00,598,1196
09:58:30,598.5,1197
09:59:00,599,1198
09:59:30,599.5,1199
10:00:00,600,1200
10:00:30,600.5,1201
10:01:00,601,1202
10:01:30,601.5,1203
10:02:00,602,1204
10:02:30,602.5,1205
10:03:00,603,1206
10:03:30,603.5,1207
10:04:00,604,1208
10:04:30,604.5,1209
10:05:00,605,1210
10:05:30,605.5,1211
10:06:00,606,1212
10:06:30,606.5,1213
10:07:00,607,1214
10:07:30,607.5,1215
10:08:00,608,1216
10:08:30,608.5,1217
10:09:00,609,1218
10:09:30,609.5,1219
10:10:00,610,1220
10:10:30,610.5,1221
10:11:00,611,1222
10:11:30,611.5,1223
10:12:00,612,1224
10:12:30,612.5,1225
10:13:00,613,1226
10:13:30,613.5,1227
10:14:00,614,1228
10:14:30,614.5,1229
10:15:00,615,1230
10:15:30,615.5,1231
10:16:00,616,1232
10:16:30,616.5,1233
10:17:00,617,1234
10:17:30,617.5,1235
10:18:00,618,1236
10:18:30,618.5,1237
10:19:00,619,1238
10:19:30,619.5,1239
10:20:00,620,1240
10:20:30,620.5,1241
10:21:00,621,1242
10:21:30,621.5,1243
10:22:00,622,1244
10:22:30,622.5,1245
10:23:00,623,1246
10:23:30,623.5,1247
10:24:00,624,1248
10:24:30,624.5,1249
10:25:00,625,1250
10:25:30,625.5,1251
10:26:00,626,1252
10:26:30,626.5,1253
10:27:00,627,1254
10:27:30,627.5,1255
10:28:00,628,1256
10:28:30,628.5,1257
10:29:00,629,1258
10:29:30,629.5,1259
10:30:00,630,1260
10:30:30,630.5,1261
10:31:00,631,1262
10:31:30,631.5,1263
10:32:00,632,1264
10:32:30,632.5,1265
10:33:00,633,1266
10:33:30,633.5,1267
10:34:00,634,1268
10:34:30,634.5,1269
10:35:00,635,1270
10:35:30,635.5,1271
10:36:00,636,1272
10:36:30,636.5,1273
10:37:00,637,1274
10:37:30,637.5,1275
10:38:00,638,1276
10:38:30,638.5,1277
10:39:00,639,1278
10:39:30,639.5,1279
10:40:00,640,1280
10:40:30,640.5,1281
10:41:00,641,1282
10:41:30,641.5,1283
10:42:00,642,1284
10:42:30,642.5,1285
10:43:00,643,1286
10:43:30,643.5,1287
10:44:00,644,1288
10:44:30,644.5,1289
10:45:00,645,1290
10:45:30,645.5,1291
10:46:00,646,1292
10:46:30,646.5,1293
10:47:00,647,1294
10:47:30,647.5,1295
10:48:00,648,1296
10:48:30,648.5,1297
10:49:00,649,1298
10:49:30,649.5,1299
10:50:00,650,1300
10:50:30,650.5,1301
10:51:00,651,1302
10:51:30,651.5,1303
10:52:00,652,1304
10:52:30,652.5,1305
10:53:00,653,1306
10:53:30,653.5,1307
10:54:00,654,1308
10:54:30,654.5,1309
10:55:00,655,1310
10:55:30,655.5,1311
10:56:00,656,1312
10:56:30,656.5,1313
10:57:00,657,1314
10:57:30,657.5,1315
10:58:00,658,1316
10:58:30,658.5,1317
10:59:00,659,1318
10:59:30,659.5,1319
11:00:00,660,1320
11:00:30,660.5,1321
11:01:00,661,1322
11:01:30,661.5,1323
11:02:00,662,1324
11:02:30,662.5,1325
11:03:00,663,1326
11:03:30,663.5,1327
11:04:00,664,1328
11:04:30,664.5,1329
11:05:00,665,1330
11:05:30,665.5,1331
11:06:00,666,1332
11:06:30,666.5,1333
11:07:00,667,1334
11:07:30,667.5,1335
11:08:00,668,1336
11:08:30,668.5,1337
11:09:00,669,1338
11:09:30,669.5,1339
11:10:00,670,1340
11:10:30,670.5,1341
11:11:00,671,1342
11:11:30,671.5,1343
11:12:00,672,1344
11:12:30,672.5,1345
11:13:00,673,1346
11:13:30,673.5,1347
11:14:00,674,1348
11:14:30,674.5,1349
11:15:00,675,1350
11:15:30,675.5,1351
11:16:00,676,1352
11:16:30,676.5,1353
11:17:00,677,1354
11:17:30,677.5,1355
11:18:00,678,1356
11:18:30,678.5,1357
11:19:00,679,1358
11:19:30,679.5,1359
11:20:00,680,1360
11:20:30,680.5,1361
11:21:00,681,1362
11:21:30,681.5,1363
11:22:00,682,1364
11:22:30,682.5,1365
11:23:00,683,1366
11:23:30,683.5,1367
11:24:00,684,1368
11:24:30,684.5,1369
11:25:00,685,1370
11:25:30,685.5,1371
11:26:00,686,1372
11:26:30,686.5,1373
11:27:00,687,1374
11:27:30,687.5,1375
11:28:00,688,1376
11:28:30,688.5,1377
11:29:00,689,1378
11:29:30,689.5,1379
11:30:00,690,1380
11:30:30,690.5,1381
11:31:00,691,1382
11:31:30,691.5,1383
11:32:00,692,1384
11:32:30,692.5,1385
11:33:00,693,1386
11:33:30,693.5,1387
11:34:00,694,1388
11:34:30,694.5,1389
11:35:00,695,1390
11:35:30,695.5,1391
11:36:00,696,1392
11:36:30,696.5,1393
11:37:00,697,1394
11:37:30,697.5,1395
11:38:00,698,1396
11:38:30,698.5,1397
11:39:00,699,1398
11:39:30,699.5,1399
11:40:00,700,1400
11:40:30,700.5,1401
11:41:00,701,1402
11:41:30,701.5,1403
11:42:00,702,1404
11:42:30,702.5,1405
11:43:00,703,1406
11:43:30,703.5,1407
11:44:00,704,1408
11:44:30,704.5,1409
11:45:00,705,1410
11:45:30,705.5,1411
11:46:00,706,1412
11:46:30,706.5,1413
11:47:00,707,1414
11:47:30,707.5,1415
11:48:00,708,1416
11:48:30,708.5,1417
11:49:00,709,1418
11:49:30,709.5,1419
11:50:00,710,1420
11:50:30,710.5,1421
11:51:00,711,1422
11:51:30,711.5,1423
11:52:00,712,1424
11:52:30,712.5,1425
11:53:00,713,1426
11:53:30,713.5,1427
11:54:00,714,1428
11:54:30,714.5,1429
11:55:00,715,1430
11:55:30,715.5,1431
11:56:00,716,1432
11:56:30,716.5,1433
11:57:00,717,1434
11:57:30,717.5,1435
11:58:00,718,1436
11:58:30,718.5,1437
11:59:00,719,1438
11:59:30,719.5,1439
12:00:00,720,1440
12:00:30,720.5,1441
12:01:00,721,1442
12:01:30,721.5,1443
12:02:00,722,1444
12:02:30,722.5,1445
12:03:00,723,1446
12:03:30,723.5,1447
12:04:00,724,1448
12:04:30,724.5,1449
12:05:00,725,1450
12:05:30,725.5,1451
12:06:00,726,1452
12:06:30,726.5,1453
12:07:00,727,1454
12:07:30,727.5,1455
12:08:00,728,1456
12:08:30,728.5,1457
12:09:00,729,1458
12:09:30,729.5,1459
12:10:00,730,1460
12:10:30,730.5,1461
12:11:00,731,1462
12:11:30,731.5,1463
12:12:00,732,1464
12:12:30,732.5,1465
12:13:00,733,1466
12:13:30,733.5,1467
12:14:00,734,1468
12:14:30,734.5,1469
12:15:00,735,1470
12:15:30,735.5,1471
12:16:00,736,1472
12:16:30,736.5,1473
12:17:00,737,1474
12:17:30,737.5,1475
12:18:00,738,1476
12:18:30,738.5,1477
12:19:00,739,1478
12:19:30,739.5,1479
12:20:00,740,1480
12:20:30,740.5,1481
12:21:00,741,1482
12:21:30,741.5,1483
12:22:00,742,1484
12:22:30,742.5,1485
12:23:00,743,1486
12:23:30,743.5,1487
12:24:00,744,1488
12:24:30,744.5,1489
12:25:00,745,1490
12:25:30,745.5,1491
12:26:00,746,1492
12:26:30,746.5,1493
12:27:00,747,1494
12:27:30,747.5,1495
12:28:00,748,1496
12:28:30,748.5,1497
12:29:00,749,1498
12:29:30,749.5,1499
12:30:00,750,1500
12:30:30,750.5,1501
12:31:00,751,1502
12:31:30,751.5,1503
12:32:00,752,1504
12:32:30,752.5,1505
12:33:00,753,1506
12:33:30,753.5,1507
12:34:00,754,1508
12:34:30,754.5,1509
12:35:00,755,1510
12:35:30,755.5,1511
12:36:00,756,1512
12:36:30,756.5,1513
12:37:00,757,1514
12:37:30,757.5,1515
12:38:00,758,1516
12:38:30,758.5,1517
12:39:00,759,1518
12:39:30,759.5,1519
12:40:00,760,1520
12:40:30,760.5,1521
12:41:00,761,1522
12:41:30,761.5,1523
12:42:00,762,1524
12:42:30,762.5,1525
12:43:00,763,1526
12:43:30,763.5,1527
12:44:00,764,1528
12:44:30,764.5,1529
12:45:00,765,1530
12:45:30,765.5,1531
12:46:00,766,1532
12:46:30,766.5,1533
12:47:00,767,1534
12:47:30,767.5,1535
12:48:00,768,1536
12:48:30,768.5,1537
12:49:00,769,1538
12:49:30,769.5,1539
12:50:00,770,1540
12:50:30,770.5,1541
12:51:00,771,1542
12:51:30,771.5,1543
12:52:00,772,1544
12:52:30,772.5,1545
12:53:00,773,1546
12:53:30,773.5,1547
12:54:00,774,1548
12:54:30,774.5,1549
12:55:00,775,1550
12:55:30,775.5,1551
12:56:00,776,1552
12:56:30,776.5,1553
12:57:00,777,1554
12:57:30,777.5,1555
12:58:00,778,1556
12:58:30,778.5,1557
12:59:00,779,1558
12:59:30,779.5,1559
13:00:00,780,1560
13:00:30,780.5,1561
13:01:00,781,1562
13:01:30,781.5,1563
13:02:00,782,1564
13:02:30,782.5,1565
13:03:00,783,1566
13:03:30,783.5,1567
13:04:00,784,1568
13:04:30,784.5,1569
13:05:00,785,1570
13:05:30,785.5,1571
13:06:00,786,1572
13:06:30,786.5,1573
13:07:00,787,1574
13:07:30,787.5,1575
13:08:00,788,1576
13:08:30,788.5,1577
13:09:00,789,1578
13:09:30,789.5,1579
13:10:00,790,1580
13:10:30,790.5,1581
13:11:00,791,1582
13:11:30,791.5,1583
13:12:00,792,1584
13:12:30,792.5,1585
13:13:00,793,1586
13:13:30,793.5,1587
13:14:00,794,1588
13:14:30,794.5,1589
13:15:00,795,1590
13:15:30,795.5,1591
13:16:00,796,1592
13:16:30,796.5,1593
13:17:00,797,1594
13:17:30,797.5,1595
13:18:00,798,1596
13:18:30,798.5,1597
13:19:00,799,1598
13:19:30,799.5,1599
13:20:00,800,1600
13:20:30,800.5,1601
13:21:00,801,1602
13:21:30,801.5,1603
13:22:00,802,1604
13:22:30,802.5,1605
13:23:00,803,1606
13:23:30,803.5,1607
13:24:00,804,1608
13:24:30,804.5,1609
13:25:00,805,1610
13:25:30,805.5,1611
13:26:00,806,1612
13:26:30,806.5,1613
13:27:00,807,1614
13:27:30,807.5,1615
13:28:00,808,1616
13:28:30,808.5,1617
13:29:00,809,1618
13:29:30,809.5,1619
13:30:00,810,1620
13:30:30,810.5,1621
13:31:00,811,1622
13:31:30,811.5,1623
13:32:00,812,1624
13:32:30,812.5,1625
13:33:00,813,1626
13:33:30,813.5,1627
13:34:00,814,1628
13:34:30,814.5,1629
13:35:00,815,1630
13:35:30,815.5,1631
13:36:00,816,1632
13:36:30,816.5,1633
13:37:00,817,1634
13:37:30,817.5,1635
13:38:00,818,1636
13:38:30,818.5,1637
13:39:00,819,1638
13:39:30,819.5,1639
13:40:00,820,1640
13:40:30,820.5,1641
13:41:00,821,1642
13:41:30,821.5,1643
13:42:00,822,1644
13:42:30,822.5,1645
13:43:00,823,1646
13:43:30,823.5,1647
13:44:00,824,1648
13:44:30,824.5,1649
13:45:00,825,1650
13:45:30,825.5,1651
13:46:00,826,1652
13:46:30,826.5,1653
13:47:00,827,1654
13:47:30,827.5,1655
13:48:00,828,1656
13:48:30,828.5,1657
13:49:00,829,1658
13:49:30,829.5,1659
13:50:00,830,1660
13:50:30,830.5,1661
13:51:00,831,1662
13:51:30,831.5,1663
13:52:00,832,1664
13:52:30,832.5,1665
13:53:00,833,1666
13:53:30,833.5,1667
13:54:00,834,1668
13:54:30,834.5,1669
13:55:00,835,1670
13:55:30,835.5,1671
13:56:00,836,1672
13:56:30,836.5,1673
13:57:00,837,1674
13:57:30,837.5,1675
13:58:00,838,1676
13:58:30,838.5,1677
13:59:00,839,1678
13:59:30,839.5,1679
14:00:00,840,1680
14:00:30,840.5,1681
14:01:00,841,1682
14:01:30,841.5,1683
14:02:00,842,1684
14:02:30,842.5,1685
14:03:00,843,1686
14:03:30,843.5,1687
14:04:00,844,1688
14:04:30,844.5,1689
14:05:00,845,1690
14:05:30,845.5,1691
14:06:00,846,1692
14:06:30,846.5,1693
14:07:00,847,1694
14:07:30,847.5,1695
14:08:00,848,1696
14:08:30,848.5,1697
14:09:00,849,1698
14:09:30,849.5,1699
14:10:00,850,1700
14:10:30,850.5,1701
14:11:00,851,1702
14:11:30,851.5,1703
14:12:00,852,1704
14:12:30,852.5,1705
14:13:00,853,1706
14:13:30,853.5,1707
14:14:00,854,1708
14:14:30,854.5,1709
14:15:00,855,1710
14:15:30,855.5,1711
14:16:00,856,1712
14:16:30,856.5,1713
14:17:00,857,1714
14:17:30,857.5,1715
14:18:00,858,1716
14:18:30,858.5,1717
14:19:00,859,1718
14:19:30,859.5,1719
14:20:00,860,1720
14:20:30,860.5,1721
14:21:00,861,1722
14:21:30,861.5,1723
14:22:00,862,1724
14:22:30,862.5,1725
14:23:00,863,1726
14:23:30,863.5,1727
14:24:00,864,1728
14:24:30,864.5,1729
14:25:00,865,1730
14:25:30,865.5,1731
14:26:00,866,1732
14:26:30,866.5,1733
14:27:00,867,1734
14:27:30,867.5,1735
14:28:00,868,1736
14:28:30,868.5,1737
14:29:00,869,1738
14:29:30,869.5,1739
14:30:00,870,1740
14:30:30,870.5,1741
14:31:00,871,1742
14:31:30,871.5,1743
14:32:00,872,1744
14:32:30,872.5,1745
14:33:00,873,1746
14:33:30,873.5,1747
14:34:00,874,1748
14:34:30,874.5,1749
14:35:00,875,1750
14:35:30,875.5,1751
14:36:00,876,1752
14:36:30,876.5,1753
14:37:00,877,1754
14:37:30,877.5,1755
14:38:00,878,1756
14:38:30,878.5,1757
14:39:00,879,1758
14:39:30,879.5,1759
14:40:00,880,1760
14:40:30,880.5,1761
14:41:00,881,1762
14:41:30,881.5,1763
14:42:00,882,1764
14:42:30,882.5,1765
14:43:00,883,1766
14:43:30,883.5,1767
14:44:00,884,1768
14:44:30,884.5,1769
14:45:00,885,1770
14:45:30,885.5,1771
14:46:00,886,1772
14:46:30,886.5,1773
14:47:00,887,1774
14:47:30,887.5,1775
14:48:00,888,1776
14:48:30,888.5,1777
14:49:00,889,1778
14:49:30,889.5,1779
14:50:00,890,1780
14:50:30,890.5,1781
14:51:00,891,1782
14:51:30,891.5,1783
14:52:00,892,1784
14:52:30,892.5,1785
14:53:00,893,1786
14:53:30,893.5,1787
14:54:00,894,1788
14:54:30,894.5,1789
14:55:00,895,1790
14:55:30,895.5,1791
14:56:00,896,1792
14:56:30,896.5,1793
14:57:00,897,1794
14:57:30,897.5,1795
14:58:00,898,1796
14:58:30,898.5,1797
14:59:00,899,1798
14:59:30,899.5,1799
15:00:00,900,1800
15:00:30,900.5,1801
15:01:00,901,1802
15:01:30,901.5,1803
15:02:00,902,1804
15:02:30,902.5,1805
15:03:00,903,1806
15:03:30,903.5,1807
15:04:00,904,1808
15:04:30,904.5,1809
15:05:00,905,1810
15:05:30,905.5,1811
15:06:00,906,1812
15:06:30,906.5,1813
15:07:00,907,1814
15:07:30,907.5,1815
15:08:00,908,1816
15:08:30,908.5,1817
15:09:00,909,1818
15:09:30,909.5,1819
15:10:00,910,1820
15:10:30,910.5,1821
15:11:00,911,1822
15:11:30,911.5,1823
15:12:00,912,1824
15:12:30,912.5,1825
15:13:00,913,1826
15:13:30,913.5,1827
15:14:00,914,1828
15:14:30,914.5,1829
15:15:00,915,1830
15:15:30,915.5,1831
15:16:00,916,1832
15:16:30,916.5,1833
15:17:00,917,1834
15:17:30,917.5,1835
15:18:00,918,1836
15:18:30,918.5,1837
15:19:00,919,1838
15:19:30,919.5,1839
15:20:00,920,1840
15:20:30,920.5,1841
15:21:00,921,1842
15:21:30,921.5,1843
15:22:00,922,1844
15:22:30,922.5,1845
15:23:00,923,1846
15:23:30,923.5,1847
15:24:00,924,1848
15:24:30,924.5,1849
15:25:00,925,1850
15:25:30,925.5,1851
15:26:00,926,1852
15:26:30,926.5,1853
15:27:00,927,1854
15:27:30,927.5,1855
15:28:00,928,1856
15:28:30,928.5,1857
15:29:00,929,1858
15:29:30,929.5,1859
15:30:00,930,1860
15:30:30,930.5,1861
15:31:00,931,1862
15:31:30,931.5,1863
15:32:00,932,1864
15:32:30,932.5,1865
15:33:00,933,1866
15:33:30,933.5,1867
15:34:00,934,1868
15:34:30,934.5,1869
15:35:00,935,1870
15:35:30,935.5,1871
15:36:00,936,1872
15:36:30,936.5,1873
15:37:00,937,1874
15:37:30,937.5,1875
15:38:00,938,1876
15:38:30,938.5,1877
15:39:00,939,1878
15:39:30,939.5,1879
15:40:00,940,1880
15:40:30,940.5,1881
15:41:00,941,1882
15:41:30,941.5,1883
15:42:00,942,1884
15:42:30,942.5,1885
15:43:00,943,1886
15:43:30,943.5,1887
15:44:00,944,1888
15:44:30,944.5,1889
15:45:00,945,1890
15:45:30,945.5,1891
15:46:00,946,1892
15:46:30,946.5,1893
15:47:00,947,1894
15:47:30,947.5,1895
15:48:00,948,1896
15:48:30,948.5,1897
15:49:00,949,1898
15:49:30,949.5,1899
15:50:00,950,1900
15:50:30,950.5,1901
15:51:00,951,1902
15:51:30,951.5,1903
15:52:00,952,1904
15:52:30,952.5,1905
15:53:00,953,1906
15:53:30,953.5,1907
15:54:00,954,1908
15:54:30,954.5,1909
15:55:00,955,1910
15:55:30,955.5,1911
15:56:00,956,1912
15:56:30,956.5,1913
15:57:00,957,1914
15:57:30,957.5,1915
15:58:00,958,1916
15:58:30,958.5,1917
15:59:00,959,1918
15:59:30,959.5,1919
16:00:00,960,1920
16:00:30,960.5,1921
16:01:00,961,1922
16:01:30,961.5,1923
16:02:00,962,1924
16:02:30,962.5,1925
16:03:00,963,1926
16:03:30,963.5,1927
16:04:00,964,1928
16:04:30,964.5,1929
16:05:00,965,1930
16:05:30,965.5,1931
16:06:00,966,1932
16:06:30,966.5,1933
16:07:00,967,1934
16:07:30,967.5,1935
16:08:00,968,1936
16:08:30,968.5,1937
16:09:00,969,1938
16:09:30,969.5,1939
16:10:00,970,1940
16:10:30,970.5,1941
16:11:00,971,1942
16:11:30,971.5,1943
16:12:00,972,1944
16:12:30,972.5,1945
16:13:00,973,1946
16:13:30,973.5,1947
16:14:00,974,1948
16:14:30,974.5,1949
16:15:00,975,1950
16:15:30,975.5,1951
16:16:00,976,1952
16:16:30,976.5,1953
16:17:00,977,1954
16:17:30,977.5,1955
16:18:00,978,1956
16:18:30,978.5,1957
16:19:00,979,1958
16:19:30,979.5,1959
16:20:00,980,1960
16:20:30,980.5,1961
16:21:00,981,1962
16:21:30,981.5,1963
16:22:00,982,1964
16:22:30,982.5,1965
16:23:00,983,1966
16:23:30,983.5,1967
16:24:00,984,1968
16:24:30,984.5,1969
16:25:00,985,1970
16:25:30,985.5,1971
16:26:00,986,1972
16:26:30,986.5,1973
16:27:00,987,1974
16:27:30,987.5,1975
16:28:00,988,1976
16:28:30,988.5,1977
16:29:00,989,1978
16:29:30,989.5,1979
16:30:00,990,1980
16:30:30,990.5,1981
16:31:00,991,1982
16:31:30,991.5,1983
16:32:00,992,1984
16:32:30,992.5,1985
16:33:00,993,1986
16:33:30,993.5,1987
16:34:00,994,1988
16:34:30,994.5,1989
16:35:00,995,1990
16:35:30,995.5,1991
16:36:00,996,1992
16:36:30,996.5,1993
16:37:00,997,1994
16:37:30,997.5,1995
16:38:00,998,1996
16:38:30,998.5,1997
16:39:00,999,1998
16:39:30,999.5,1999
16:40:00,1000,2000
16:40:30,1000.5,2001
16:41:00,1001,2002
16:41:30,1001.5,2003
16:42:00,1002,2004
16:42:30,1002.5,2005
16:43:00,1003,2006
16:43:30,1003.5,2007
16:44:00,1004,2008
16:44:30,1004.5,2009
16:45:00,1005,2010
16:45:30,1005.5,2011
16:46:00,1006,2012
16:46:30,1006.5,2013
16:47:00,1007,2014
16:47:30,1007.5,2015
16:48:00,1008,2016
16:48:30,1008.5,2017
16:49:00,1009,2018
16:49:30,1009.5,2019
16:50:00,1010,2020
16:50:30,1010.5,2021
16:51:00,1011,2022
16:51:30,1011.5,2023
16:52:00,1012,2024
16:52:30,1012.5,2025
16:53:00,1013,2026
16:53:30,1013.5,2027
16:54:00,1014,2028
16:54:30,1014.5,2029
16:55:00,1015,2030
16:55:30,1015.5,2031
16:56:00,1016,2032
16:56:30,1016.5,2033
16:57:00,1017,2034
16:57:30,1017.5,2035
16:58:00,1018,2036
16:58:30,1018.5,2037
16:59:00,1019,2038
16:59:30,1019.5,2039
17:00:00,1020,2040
17:00:30,1020.5,2041
17:01:00,1021,2042
17:01:30,1021.5,2043
17:02:00,1022,2044
17:02:30,1022.5,2045
17:03:00,1023,2046
17:03:30,1023.5,2047
17:04:00,1024,2048
17:04:30,1024.5,2049
17:05:00,1025,2050
17:05:30,1025.5,2051
17:06:00,1026,2052
17:06:30,1026.5,2053
17:07:00,1027,2054
17:07:30,1027.5,2055
17:08:00,1028,2056
17:08:30,1028.5,2057
17:09:00,1029,2058
17:09:30,1029.5,2059
17:10:00,1030,2060
17:10:30,1030.5,2061
17:11:00,1031,2062
17:11:30,1031.5,2063
17:12:00,1032,2064
17:12:30,1032.5,2065
17:13:00,1033,2066
17:13:30,1033.5,2067
17:14:00,1034,2068
17:14:30,1034.5,2069
17:15:00,1035,2070
17:15:30,1035.5,2071
17:16:00,1036,2072
17:16:30,1036.5,2073
17:17:00,1037,2074
17:17:30,1037.5,2075
17:18:00,1038,2076
17:18:30,1038.5,2077
17:19:00,1039,2078
17:19:30,1039.5,2079
17:20:00,1040,2080
17:20:30,1040.5,2081
17:21:00,1041,2082
17:21:30,1041.5,2083
17:22:00,1042,2084
17:22:30,1042.5,2085
17:23:00,1043,2086
17:23:30,1043.5,2087
17:24:00,1044,2088
17:24:30,1044.5,2089
17:25:00,1045,2090
17:25:30,1045.5,2091
17:26:00,1046,2092
17:26:30,1046.5,2093
17:27:00,1047,2094
17:27:30,1047.5,2095
17:28:00,1048,2096
17:28:30,1048.5,2097
17:29:00,1049,2098
17:29:30,1049.5,2099
17:30:00,1050,2100
17:30:30,1050.5,2101
17:31:00,1051,2102
17:31:30,1051.5,2103
17:32:00,1052,2104
17:32:30,1052.5,2105
17:33:00,1053,2106
17:33:30,1053.5,2107
17:34:00,1054,2108
17:34:30,1054.5,2109
17:35:00,1055,2110
17:35:30,1055.5,2111
17:36:00,1056,2112
17:36:30,1056.5,2113
17:37:00,1057,2114
17:37:30,1057.5,2115
17:38:00,1058,2116
17:38:30,1058.5,2117
17:39:00,1059,2118
17:39:30,1059.5,2119
17:40:00,1060,2120
17:40:30,1060.5,2121
17:41:00,1061,2122
17:41:30,1061.5,2123
17:42:00,1062,2124
17:42:30,1062.5,2125
17:43:00,1063,2126
17:43:30,1063.5,2127
17:44:00,1064,2128
17:44:30,1064.5,2129
17:45:00,1065,2130
17:45:30,1065.5,2131
17:46:00,1066,2132
17:46:30,1066.5,2133
17:47:00,1067,2134
17:47:30,1067.5,2135
17:48:00,1068,2136
17:48:30,1068.5,2137
17:49:00,1069,2138
17:49:30,1069.5,2139
17:50:00,1070,2140
17:50:30,1070.5,2141
17:51:00,1071,2142
17:51:30,1071.5,2143
17:52:00,1072,2144
17:52:30,1072.5,2145
17:53:00,1073,2146
17:53:30,1073.5,2147
17:54:00,1074,2148
17:54:30,1074.5,2149
17:55:00,1075,2150
17:55:30,1075.5,2151
17:56:00,1076,2152
17:56:30,1076.5,2153
17:57:00,1077,2154
17:57:30,1077.5,2155
17:58:00,1078,2156
17:58:30,1078.5,2157
17:59:00,1079,2158
17:59:30,1079.5,2159
18:00:00,1080,2160
18:00:30,1080.5,2161
18:01:00,1081,2162
18:01:30,1081.5,2163
18:02:00,1082,2164
18:02:30,1082.5,2165
18:03:00,1083,2166
18:03:30,1083.5,2167
18:04:00,1084,2168
18:04:30,1084.5,2169
18:05:00,1085,2170
18:05:30,1085.5,2171
18:06:00,1086,2172
18:06:30,1086.5,2173
18:07:00,1087,2174
18:07:30,1087.5,2175
18:08:00,1088,2176
18:08:30,1088.5,2177
18:09:00,1089,2178
18:09:30,1089.5,2179
18:10:00,1090,2180
18:10:30,1090.5,2181
18:11:00,1091,2182
18:11:30,1091.5,2183
18:12:00,1092,2184
18:12:30,1092.5,2185
18:13:00,1093,2186
18:13:30,1093.5,2187
18:14:00,1094,2188
18:14:30,1094.5,2189
18:15:00,1095,2190
18:15:30,1095.5,2191
18:16:00,1096,2192
18:16:30,1096.5,2193
18:17:00,1097,2194
18:17:30,1097.5,2195
18:18:00,1098,2196
18:18:30,1098.5,2197
18:19:00,1099,2198
18:19:30,1099.5,2199
18:20:00,1100,2200
18:20:30,1100.5,2201
18:21:00,1101,2202
18:21:30,1101.5,2203
18:22:00,1102,2204
18:22:30,1102.5,2205
18:23:00,1103,2206
18:23:30,1103.5,2207
18:24:00,1104,2208
18:24:30,1104.5,2209
18:25:00,1105,2210
18:25:30,1105.5,2211
18:26:00,1106,2212
18:26:30,1106.5,2213
18:27:00,1107,2214
18:27:30,1107.5,2215
18:28:00,1108,2216
18:28:30,1108.5,2217
18:29:00,1109,2218
18:29:30,1109.5,2219
18:30:00,1110,2220
18:30:30,1110.5,2221
18:31:00,1111,2222
18:31:30,1111.5,2223
18:32:00,1112,2224
18:32:30,1112.5,2225
18:33:00,1113,2226
18:33:30,1113.5,2227
18:34:00,1114,2228
18:34:30,1114.5,2229
18:35:00,1115,2230
18:35:30,1115.5,2231
18:36:00,1116,2232
18:36:30,1116.5,2233
18:37:00,1117,2234
18:37:30,1117.5,2235
18:38:00,1118,2236
18:38:30,1118.5,2237
18:39:00,1119,2238
18:39:30,1119.5,2239
18:40:00,1120,2240
18:40:30,1120.5,2241
18:41:00,1121,2242
18:41:30,1121.5,2243
18:42:00,1122,2244
18:42:30,1122.5,2245
18:43:00,1123,2246
18:43:30,1123.5,2247
18:44:00,1124,2248
18:44:30,1124.5,2249
18:45:00,1125,2250
18:45:30,1125.5,2251
18:46:00,1126,2252
18:46:30,1126.5,2253
18:47:00,1127,2254
18:47:30,1127.5,2255
18:48:00,1128,2256
18:48:30,1128.5,2257
18:49:00,1129,2258
18:49:30,1129.5,2259
18:50:00,1130,2260
18:50:30,1130.5,2261
18:51:00,1131,2262
18:51:30,1131.5,2263
18:52:00,1132,2264
18:52:30,1132.5,2265
18:53:00,1133,2266
18:53:30,1133.5,2267
18:54:00,1134,2268
18:54:30,1134.5,2269
18:55:00,1135,2270
18:55:30,1135.5,2271
18:56:00,1136,2272
18:56:30,1136.5,2273
18:57:00,1137,2274
18:57:30,1137.5,2275
18:58:00,1138,2276
18:58:30,1138.5,2277
18:59:00,1139,2278
18:59:30,1139.5,2279
19:00:00,1140,2280
19:00:30,1140.5,2281
19:01:00,1141,2282
19:01:30,1141.5,2283
19:02:00,1142,2284
19:02:30,1142.5,2285
19:03:00,1143,2286
19:03:30,1143.5,2287
19:04:00,1144,2288
19:04:30,1144.5,2289
19:05:00,1145,2290
19:05:30,1145.5,2291
19:06:00,1146,2292
19:06:30,1146.5,2293
19:07:00,1147,2294
19:07:30,1147.5,2295
19:08:00,1148,2296
19:08:30,1148.5,2297
19:09:00,1149,2298
19:09:30,1149.5,2299
19:10:00,1150,2300
19:10:30,1150.5,2301
19:11:00,1151,2302
19:11:30,1151.5,2303
19:12:00,1152,2304
19:12:30,1152.5,2305
19:13:00,1153,2306
19:13:30,1153.5,2307
19:14:00,1154,2308
19:14:30,1154.5,2309
19:15:00,1155,2310
19:15:30,1155.5,2311
19:16:00,1156,2312
19:16:30,1156.5,2313
19:17:00,1157,2314
19:17:30,1157.5,2315
19:18:00,1158,2316
19:18:30,1158.5,2317
19:19:00,1159,2318
19:19:30,1159.5,2319
19:20:00,1160,2320
19:20:30,1160.5,2321
19:21:00,1161,2322
19:21:30,1161.5,2323
19:22:00,1162,2324
19:22:30,1162.5,2325
19:23:00,1163,2326
19:23:30,1163.5,2327
19:24:00,1164,2328
19:24:30,1164.5,2329
19:25:00,1165,2330
19:25:30,1165.5,2331
19:26:00,1166,2332
19:26:30,1166.5,2333
19:27:00,1167,2334
19:27:30,1167.5,2335
19:28:00,1168,2336
19:28:30,1168.5,2337
19:29:00,1169,2338
19:29:30,1169.5,2339
19:30:00,1170,2340
19:30:30,1170.5,2341
19:31:00,1171,2342
19:31:30,1171.5,2343
19:32:00,1172,2344
19:32:30,1172.5,2345
19:33:00,1173,2346
19:33:30,1173.5,2347
19:34:00,1174,2348
19:34:30,1174.5,2349
19:35:00,1175,2350
19:35:30,1175.5,2351
19:36:00,1176,2352
19:36:30,1176.5,2353
19:37:00,1177,2354
19:37:30,1177.5,2355
19:38:00,1178,2356
19:38:30,1178.5,2357
19:39:00,1179,2358
19:39:30,1179.5,2359
19:40:00,1180,2360
19:40:30,1180.5,2361
19:41:00,1181,2362
19:41:30,1181.5,2363
19:42:00,1182,2364
19:42:30,1182.5,2365
19:43:00,1183,2366
19:43:30,1183.5,2367
19:44:00,1184,2368
19:44:30,1184.5,2369
19:45:00,1185,2370
19:45:30,1185.5,2371
19:46:00,1186,2372
19:46:30,1186.5,2373
19:47:00,1187,2374
19:47:30,1187.5,2375
19:48:00,1188,2376
19:48:30,1188.5,2377
19:49:00,1189,2378
19:49:30,1189.5,2379
19:50:00,1190,2380
19:50:30,1190.5,2381
19:51:00,1191,2382
19:51:30,1191.5,2383
19:52:00,1192,2384
19:52:30,1192.5,2385
19:53:00,1193,2386
19:53:30,1193.5,2387
19:54:00,1194,2388
19:54:30,1194.5,2389
19:55:00,1195,2390
19:55:30,1195.5,2391
19:56:00,1196,2392
19:56:30,1196.5,2393
19:57:00,1197,2394
19:57:30,1197.5,2395
19:58:00,1198,2396
19:58:30,1198.5,2397
19:59:00,1199,2398
19:59:30,1199.5,2399
20:00:00,1200,2400
20:00:30,1200.5,2401
20:01:00,1201,2402
20:01:30,1201.5,2403
20:02:00,1202,2404
20:02:30,1202.5,2405
20:03:00,1203,2406
20:03:30,1203.5,2407
20:04:00,1204,2408
20:04:30,1204.5,2409
20:05:00,1205,2410
20:05:30,1205.5,2411
20:06:00,1206,2412
20:06:30,1206.5,2413
20:07:00,1207,2414
20:07:30,1207.5,2415
20:08:00,1208,2416
20:08:30,1208.5,2417
20:09:00,1209,2418
20:09:30,1209.5,2419
20:10:00,1210,2420
20:10:30,1210.5,2421
20:11:00,1211,2422
20:11:30,1211.5,2423
20:12:00,1212,2424
20:12:30,1212.5,2425
20:13:00,1213,2426
20:13:30,1213.5,2427
20:14:00,1214,2428
20:14:30,1214.5,2429
20:15:00,1215,2430
20:15:30,1215.5,2431
20:16:00,1216,2432
20:16:30,1216.5,2433
20:17:00,1217,2434
20:17:30,1217.5,2435
20:18:00,1218,2436
20:18:30,1218.5,2437
20:19:00,1219,2438
20:19:30,1219.5,2439
20:20:00,1220,2440
20:20:30,1220.5,2441
20:21:00,1221,2442
20:21:30,1221.5,2443
20:22:00,1222,2444
20:22:30,1222.5,2445
20:23:00,1223,2446
20:23:30,1223.5,2447
20:24:00,1224,2448
20:24:30,1224.5,2449
20:25:00,1225,2450
20:25:30,1225.5,2451
20:26:00,1226,2452
20:26:30,1226.5,2453
20:27:00,1227,2454
20:27:30,1227.5,2455
20:28:00,1228,2456
20:28:30,1228.5,2457
20:29:00,1229,2458
20:29:30,1229.5,2459
20:30:00,1230,2460
20:30:30,1230.5,2461
20:31:00,1231,2462
20:31:30,1231.5,2463
20:32:00,1232,2464
20:32:30,1232.5,2465
20:33:00,1233,2466
20:33:30,1233.5,2467
20:34:00,1234,2468
20:34:30,1234.5,2469
20:35:00,1235,2470
20:35:30,1235.5,2471
20:36:00,1236,2472
20:36:30,1236.5,2473
20:37:00,1237,2474
20:37:30,1237.5,2475
20:38:00,1238,2476
20:38:30,1238.5,2477
20:39:00,1239,2478
20:39:30,1239.5,2479
20:40:00,1240,2480
20:40:30,1240.5,2481
20:41:00,1241,2482
20:41:30,1241.5,2483
20:42:00,1242,2484
20:42:30,1242.5,2485
20:43:00,1243,2486
20:43:30,1243.5,2487
20:44:00,1244,2488
20:44:30,1244.5,2489
20:45:00,1245,2490
20:45:30,1245.5,2491
20:46:00,1246,2492
20:46:30,1246.5,2493
20:47:00,1247,2494
20:47:30,1247.5,2495
20:48:00,1248,2496
20:48:30,1248.5,2497
20:49:00,1249,2498
20:49:30,1249.5,2499
20:50:00,1250,2500
20:50:30,1250.5,2501
20:51:00,1251,2502
20:51:30,1251.5,2503
20:52:00,1252,2504
20:52:30,1252.5,2505
20:53:00,1253,2506
20:53:30,1253.5,2507
20:54:00,1254,2508
20:54:30,1254.5,2509
20:55:00,1255,2510
20:55:30,1255.5,2511
20:56:00,1256,2512
20:56:30,1256.5,2513
20:57:00,1257,2514
20:57:30,1257.5,2515
20:58:00,1258,2516
20:58:30,1258.5,2517
20:59:00,1259,2518
20:59:30,1259.5,2519
21:00:00,1260,2520
21:00:30,1260.5,2521
21:01:00,1261,2522
21:01:30,1261.5,2523
21:02:00,1262,2524
21:02:30,1262.5,2525
21:03:00,1263,2526
21:03:30,1263.5,2527
21:04:00,1264,2528
21:04:30,1264.5,2529
21:05:00,1265,2530
21:05:30,1265.5,2531
21:06:00,1266,2532
21:06:30,1266.5,2533
21:07:00,1267,2534
21:07:30,1267.5,2535
21:08:00,1268,2536
21:08:30,1268.5,2537
21:09:00,1269,2538
21:09:30,1269.5,2539
21:10:00,1270,2540
21:10:30,1270.5,2541
21:11:00,1271,2542
21:11:30,1271.5,2543
21:12:00,1272,2544
21:12:30,1272.5,2545
21:13:00,1273,2546
21:13:30,1273.5,2547
21:14:00,1274,2548
21:14:30,1274.5,2549
21:15:00,1275,2550
21:15:30,1275.5,2551
21:16:00,1276,2552
21:16:30,1276.5,2553
21:17:00,1277,2554
21:17:30,1277.5,2555
21:18:00,1278,2556
21:18:30,1278.5,2557
21:19:00,1279,2558
21:19:30,1279.5,2559
21:20:00,1280,2560
21:20:30,1280.5,2561
21:21:00,1281,2562
21:21:30,1281.5,2563
21:22:00,1282,2564
21:22:30,1282.5,2565
21:23:00,1283,2566
21:23:30,1283.5,2567
21:24:00,1284,2568
21:24:30,1284.5,2569
21:25:00,1285,2570
21:25:30,1285.5,2571
21:26:00,1286,2572
21:26:30,1286.5,2573
21:27:00,1287,2574
21:27:30,1287.5,2575
21:28:00,1288,2576
21:28:30,1288.5,2577
21:29:00,1289,2578
21:29:30,1289.5,2579
21:30:00,1290,2580
21:30:30,1290.5,2581
21:31:00,1291,2582
21:31:30,1291.5,2583
21:32:00,1292,2584
21:32:30,1292.5,2585
21:33:00,1293,2586
21:33:30,1293.5,2587
21:34:00,1294,2588
21:34:30,1294.5,2589
21:35:00,1295,2590
21:35:30,1295.5,2591
21:36:00,1296,2592
21:36:30,1296.5,2593
21:37:00,1297,2594
21:37:30,1297.5,2595
21:38:00,1298,2596
21:38:30,1298.5,2597
21:39:00,1299,2598
21:39:30,1299.5,2599
21:40:00,1300,2600
21:40:30,1300.5,2601
21:41:00,1301,2602
21:41:30,1301.5,2603
21:42:00,1302,2604
21:42:30,1302.5,2605
21:43:00,1303,2606
21:43:30,1303.5,2607
21:44:00,1304,2608
21:44:30,1304.5,2609
21:45:00,1305,2610
21:45:30,1305.5,2611
21:46:00,1306,2612
21:46:30,1306.5,2613
21:47:00,1307,2614
21:47:30,1307.5,2615
21:48:00,1308,2616
21:48:30,1308.5,2617
21:49:00,1309,2618
21:49:30,1309.5,2619
21:50:00,1310,2620
21:50:30,1310.5,2621
21:51:00,1311,2622
21:51:30,1311.5,2623
21:52:00,1312,2624
21:52:30,1312.5,2625
21:53:00,1313,2626
21:53:30,1313.5,2627
21:54:00,1314,2628
21:54:30,1314.5,2629
21:55:00,1315,2630
21:55:30,1315.5,2631
21:56:00,1316,2632
21:56:30,1316.5,2633
21:57:00,1317,2634
21:57:30,1317.5,2635
21:58:00,1318,2636
21:58:30,1318.5,2637
21:59:00,1319,2638
21:59:30,1319.5,2639
22:00:00,1320,2640
22:00:30,1320.5,2641
22:01:00,1321,2642
22:01:30,1321.5,2643
22:02:00,1322,2644
22:02:30,1322.5,2645
22:03:00,1323,2646
22:03:30,1323.5,2647
22:04:00,1324,2648
22:04:30,1324.5,2649
22:05:00,1325,2650
22:05:30,1325.5,2651
22:06:00,1326,2652
22:06:30,1326.5,2653
22:07:00,1327,2654
22:07:30,1327.5,2655
22:08:00,1328,2656
22:08:30,1328.5,2657
22:09:00,1329,2658
22:09:30,1329.5,2659
22:10:00,1330,2660
22:10:30,1330.5,2661
22:11:00,1331,2662
22:11:30,1331.5,2663
22:12:00,1332,2664
22:12:30,1332.5,2665
22:13:00,1333,2666
22:13:30,1333.5,2667
22:14:00,1334,2668
22:14:30,1334.5,2669
22:15:00,1335,2670
22:15:30,1335.5,2671
22:16:00,1336,2672
22:16:30,1336.5,2673
22:17:00,1337,2674
22:17:30,1337.5,2675
22:18:00,1338,2676
22:18:30,1338.5,2677
22:19:00,1339,2678
22:19:30,1339.5,2679
22:20:00,1340,2680
22:20:30,1340.5,2681
22:21:00,1341,2682
22:21:30,1341.5,2683
22:22:00,1342,2684
22:22:30,1342.5,2685
22:23:00,1343,2686
22:23:30,1343.5,2687
22:24:00,1344,2688
22:24:30,1344.5,2689
22:25:00,1345,2690
22:25:30,1345.5,2691
22:26:00,1346,2692
22:26:30,1346.5,2693
22:27:00,1347,2694
22:27:30,1347.5,2695
22:28:00,1348,2696
22:28:30,1348.5,2697
22:29:00,1349,2698
22:29:30,1349.5,2699
22:30:00,1350,2700
22:30:30,1350.5,2701
22:31:00,1351,2702
22:31:30,1351.5,2703
22:32:00,1352,2704
22:32:30,1352.5,2705
22:33:00,1353,2706
22:33:30,1353.5,2707
22:34:00,1354,2708
22:34:30,1354.5,2709
22:35:00,1355,2710
22:35:30,1355.5,2711
22:36:00,1356,2712
22:36:30,1356.5,2713
22:37:00,1357,2714
22:37:30,1357.5,2715
22:38:00,1358,2716
22:38:30,1358.5,2717
22:39:00,1359,2718
22:39:30,1359.5,2719
22:40:00,1360,2720
22:40:30,1360.5,2721
22:41:00,1361,2722
22:41:30,1361.5,2723
22:42:00,1362,2724
22:42:30,1362.5,2725
22:43:00,1363,2726
22:43:30,1363.5,2727
22:44:00,1364,2728
22:44:30,1364.5,2729
22:45:00,1365,2730
22:45:30,1365.5,2731
22:46:00,1366,2732
22:46:30,1366.5,2733
22:47:00,1367,2734
22:47:30,1367.5,2735
22:48:00,1368,2736
22:48:30,1368.5,2737
22:49:00,1369,2738
22:49:30,1369.5,2739
22:50:00,1370,2740
22:50:30,1370.5,2741
22:51:00,1371,2742
22:51:30,1371.5,2743
22:52:00,1372,2744
22:52:30,1372.5,2745
22:53:00,1373,2746
22:53:30,1373.5,2747
22:54:00,1374,2748
22:54:30,1374.5,2749
22:55:00,1375,2750
22:55:30,1375.5,2751
22:56:00,1376,2752
22:56:30,1376.5,2753
22:57:00,1377,2754
22:57:30,1377.5,2755
22:58:00,1378,2756
22:58:30,1378.5,2757
22:59:00,1379,2758
22:59:30,1379.5,2759
23:00:00,1380,2760
23:00:30,1380.5,2761
23:01:00,1381,2762
23:01:30,1381.5,2763
23:02:00,1382,2764
23:02:30,1382.5,2765
23:03:00,1383,2766
23:03:30,1383.5,2767
23:04:00,1384,2768
23:04:30,1384.5,2769
23:05:00,1385,2770
23:05:30,1385.5,2771
23:06:00,1386,2772
23:06:30,1386.5,2773
23:07:00,1387,2774
23:07:30,1387.5,2775
23:08:00,1388,2776
23:08:30,1388.5,2777
23:09:00,1389,2778
23:09:30,1389.5,2779
23:10:00,1390,2780
23:10:30,1390.5,2781
23:11:00,1391,2782
23:11:30,1391.5,2783
23:12:00,1392,2784
23:12:30,1392.5,2785
23:13:00,1393,2786
23:13:30,1393.5,2787
23:14:00,1394,2788
23:14:30,1394.5,2789
23:15:00,1395,2790
23:15:30,1395.5,2791
23:16:00,1396,2792
23:16:30,1396.5,2793
23:17:00,1397,2794
23:17:30,1397.5,2795
23:18:00,1398,2796
23:18:30,1398.5,2797
23:19:00,1399,2798
23:19:30,1399.5,2799
23:20:00,1400,2800
23:20:30,1400.5,2801
23:21:00,1401,2802
23:21:30,1401.5,2803
23:22:00,1402,2804
23:22:30,1402.5,2805
23:23:00,1403,2806
23:23:30,1403.5,2807
23:24:00,1404,2808
23:24:30,1404.5,2809
23:25:00,1405,2810
23:25:30,1405.5,2811
23:26:00,1406,2812
23:26:30,1406.5,2813
23:27:00,1407,2814
23:27:30,1407.5,2815
23:28:00,1408,2816
23:28:30,1408.5,2817
23:29:00,1409,2818
23:29:30,1409.5,2819
23:30:00,1410,2820
23:30:30,1410.5,2821
23:31:00,1411,2822
23:31:30,1411.5,2823
23:32:00,1412,2824
23:32:30,1412.5,2825
23:33:00,1413,2826
23:33:30,1413.5,2827
23:34:00,1414,2828
23:34:30,1414.5,2829
23:35:00,1415,2830
23:35:30,1415.5,2831
23:36:00,1416,2832
23:36:30,1416.5,2833
23:37:00,1417,2834
23:37:30,1417.5,2835
23:38:00,1418,2836
23:38:30,1418.5,2837
23:39:00,1419,2838
23:39:30,1419.5,2839
23:40:00,1420,2840
23:40:30,1420.5,2841
23:41:00,1421,2842
23:41:30,1421.5,2843
23:42:00,1422,2844
23:42:30,1422.5,2845
23:43:00,1423,2846
23:43:30,1423.5,2847
23:44:00,1424,2848
23:44:30,1424.5,2849
23:45:00,1425,2850
23:45:30,1425.5,2851
23:46:00,1426,2852
23:46:30,1426.5,2853
23:47:00,1427,2854
23:47:30,1427.5,2855
23:48:00,1428,2856
23:48:30,1428.5,2857
23:49:00,1429,2858
23:49:30,1429.5,2859
23:50:00,1430,2860
23:50:30,1430.5,2861
23:51:00,1431,2862
23:51:30,1431.5,2863
23:52:00,1432,2864
23:52:30,1432.5,2865
23:53:00,1433,2866
23:53:30,1433.5,2867
23:54:00,1434,2868
23:54:30,1434.5,2869
23:55:00,1435,2870
23:55:30,1435.5,2871
23:56:00,1436,2872
23:56:30,1436.5,2873
23:57:00,1437,2874
23:57:30,1437.5,2875
23:58:00,1438,2876
23:58:30,1438.5,2877
23:59:00,1439,2878
23:59:30,1439.5,2879
24:00:00,1440,2880
